<?xml version="1.0" encoding="UTF-8"?>
<application xmlns="http://xmlns.jcp.org/xml/ns/javaee"
             xmlns:xsi="http://www.w3.org/2001/XMLSchema-instance"
             xsi:schemaLocation="http://xmlns.jcp.org/xml/ns/javaee http://xmlns.jcp.org/xml/ns/javaee/application_7.xsd"
             version="7">
    <module id="Circular2151Web-Web">
        <web>
            <web-uri>Circular2151-WEB-1.0.war</web-uri>
            <context-root>Circular2151</context-root>
        </web>
    </module>
</application>